vorname,name,pass,HS,Einwilligung,Altgruppe,Gruppe-P1,Gruppe-P2,Gruppe-P3,Gruppe-P4,Gruppe-5,mail,role,user,course,nationality,null,xmail
Cathleen,Wolf,d-KF5+aa90,DD,1,,100,210,310,410,505,cathleen.wolf@mailbox.tu-dresden.de,student,cathleen.wolf,,,,
Fatlinda,Nikqi,dsKF5+tz90,DD,,,100,204,304,404,502,fatlinda.nikqi@mailbox.tu-dresden.de,student,fatlinda.nikqi,,,,
Jelena,Markovic,d-KF5+bn90,DD,1,,100,203,303,403,502,jelena.markovic@mailbox.tu-dresden.de,student,jelena.markovic,,,,
Lisa,Tüshaus,d-KF5+tr90,DD,,,100,0,302,402,501,niels.seidel@tu-dresden.de,student,lisa.tueshaus,,,lisa.tueshaus@tu-dresden.de,
Maike,Hübner,dsKF5+gh90,DD,1,,100,205,305,405,503,maike.huebner@tu-dresden.de,student,maike.huebner,,,,
Maria,Bernstein,d-KF5+df90,DD,,,100,0,307,407,504,niels.seidel@tu-dresden.de,student,maria.bernstein,,,maria.bernstein@mailbox.tu-dresden.de,
Michael,Knochen,dsKF5+H222,DD,,,100,211,311,411,506,michael.knochen@mailbox.tu-dresden.de,student,michael.knochen,,,,
Nils,Lorenz,wsKF5+H450,DD,,,100,212,312,412,506,nils.lorenz@mailbox.tu-dresden.de,student,nils.lorenz,,,,
Sarah,Weckend,dsKF5+oi90,DD,,,100,201,301,401,501,sarah.weckend@tu-dresden.de,student,sarah.weckend,,,,
Stefan,Böhm,w2sKF5+3f9,DD,1,,100,206,306,406,503,stefan.boehm1@mailbox.tu-dresden.de,student,stefan.boehm,,,,
Stefanie,Schwenk,dsKF5+2b90,DD,1,,100,208,308,408,504,stefanie.schwenk@mailbox.tu-dresden.de,student,stefanie.schwenk,,,,
Stephan,Gieb,ddKF5+2g90,DD,1,,100,209,309,409,505,stephan.gieb@mailbox.tu-dresden.de,student,stephan.gieb,,,,
Corinna,Joedicke,birthday,Z,1,0,1000,1000,1000,1000,1000,joe@example.com,editor,joe,,,,
Robert,Bob,secret,Z,1,0,1000,1000,1000,1000,1000,bob@example.com,student,bob,,,,
Andrea,Liedtke,d3KF5+2e90,ZI,1,,100,221,321,421,511,s2560689@stud.ihi-zittau.de,student,andrea.liedke,PM,Deutschland,,
Andrea-Sabine,Szulc,ds3F5+vb90,ZI,1,,100,202,302,402,501,s7546601@stud.ihi-zittau.de,student,andrea-sabine.szulc,IPM,Deutschland,,
Anetta Tatiana,Braclawik,d3KF5+nm90,ZI,1,,100,209,309,409,505,s2780706@stud.ihi-zittau.de,student,anetta.tatiana.braclawik,PM,Polen,,
Annemarie,Glaser,GHKF5+5t90,ZI,1,,100,205,305,405,503,s9850305@stud.ihi-zittau.de,student,annemarie.glaser,IPM,Deutschland,,
Benjamin,Beck,dsKF5+f-90,ZI,1,,100,207,307,407,504,s0350826@stud.ihi-zittau.de,student,benjamin.beck,PM,Deutschland,,
Carsten,Eitner,dsKg5+4K90,ZI,,,100,204,304,404,502,s1480331@stud.ihi-zittau.de,student,carsten.eitner,IPM,Deutschland,,
Darya,Zagainova,VDKF5+m890,ZI,1,,100,205,305,405,503,s0844998@stud.ihi-zittau.de,student,darya.zagainova,IPM,Kasachstan,,
David,Havlat,LOKF5+h790,ZI,1,,100,212,312,412,506,s6647177@stud.ihi-zittau.de,student,david.havlat,PM,Deutschland,,
Denny,Szatmari,dsKF5+f590,ZI,1,,100,219,319,419,510,s7356021@stud.ihi-zittau.de,student,denny.szatmari,PM,Deutschland,,
Felix,Danker,ds4F5+a290,ZI,1,,100,202,302,402,501,s5558247@stud.ihi-zittau.de,student,felix.danker,IPM,Deutschland,,
Frederick,van der Wal,de4F5+v790,ZI,1,,100,204,304,404,502,s2560971@stud.ihi-zittau.de,student,frederick.van.der.wal,IPM,Deutschland,,
Hassan,Youssef,dsKF5+4590,ZI,,,100,221,321,421,511,s3225358@stud.ihi-zittau.de,student,hassan.youssef,PM,Arabische Republ.Syrien,,
Kamila Magdalena,Kopec,dsKF5+wq90,ZI,1,,100,217,317,417,509,s9580626@stud.ihi-zittau.de,student,kamila.magdalena.kopec,PM,Polen,,
Karina Anna,Kopec,dsKF5+dg90,ZI,1,,100,216,316,416,508,s2090865@stud.ihi-zittau.de,student,karina.anna.kopec,PM,Polen,,
Katrin,Salzwedel,dsKF5+jk90,ZI,1,,100,214,314,414,507,s9454833@stud.ihi-zittau.de,student,katrin.salzwedel,PM,Deutschland,,
Lars,Eberhardt,dsKF5+f.90,ZI,1,,100,210,310,410,505,s0290009@stud.ihi-zittau.de,student,lars.eberhardt,PM,Deutschland,,
Laura,Nehring,ZHK45+g990,ZI,1,,100,212,312,412,506,s7050102@stud.ihi-zittau.de,student,laura.nehring,IPM,Deutschland,,
Lucie,Zappeová,DKF5+3U90,ZI,1,,100,206,306,406,503,s4794035@stud.ihi-zittau.de,student,lucie.zappeova,IPM,Tschechische Republik,,
Maksim,Ivankin,dsKg5+qe03,ZI,1,,100,214,314,414,507,s2890142@stud.ihi-zittau.de,student,maksim.ivankin,PM,Litauen,,
Martin,Hinke,dsKF5+1q90,ZI,1,,100,213,313,413,507,s5929119@stud.ihi-zittau.de,student,martin.hinke,PM,Deutschland,,
Martin,Krause,dsKF5+ap90,ZI,1,,100,218,318,418,509,s4132259@stud.ihi-zittau.de,student,martin.krause,PM,Deutschland,,
Max,Wetzig,ddKF5+lo90,ZI,1,,100,221,321,421,511,s6512965@stud.ihi-zittau.de,student,max.wetzig,PM,Deutschland,,
Maximilian,Treutlein,LK4F5+z690,ZI,1,,100,203,303,403,502,s8958542@stud.ihi-zittau.de,student,maximilian.treutlein,IPM,Deutschland,,
Nadine,Kulka,EWKF5+fw90,ZI,1,,100,219,319,419,510,s6870678@stud.ihi-zittau.de,student,nadine.kulka,PM,Deutschland,,
Piotr,Szwinta,dsKF5+d590,ZI,1,,100,220,320,420,510,s9627743@stud.ihi-zittau.de,student,piotr.szwinta,PM,Polen,,
Ramazan,Avsar,GTKF5+vb90,ZI,1,,100,201,301,401,501,s2604744@stud.ihi-zittau.de,student,ramazan.avsar,IPM,Deutschland,,
Rebecca,Stautenberg,dsKg5+2390,ZI,1,,100,217,317,417,509,s6056292@stud.ihi-zittau.de,student,rebecca.stautenberg,PM,Deutschland,,
Richard,Kuntzsch,dsKg5+qe03,ZI,1,,100,220,320,420,510,s3574317@stud.ihi-zittau.de,student,richard.kuntzsch,PM,Deutschland,,
Sarah,Halbauer,dsKF5+1q90,ZI,1,,100,206,306,406,503,s4807867@stud.ihi-zittau.de,student,sarah.halbauer,IPM,Deutschland,,
Saskia,Stiller,dsKF5+ap90,ZI,1,,100,218,318,418,509,s4214083@stud.ihi-zittau.de,student,saskia.stiller,PM,Deutschland,,
Shaknaza,Mansurova,ddKF5+lo90,ZI,1,,100,210,310,410,505,s8680206@stud.ihi-zittau.de,student,shaknaza.mansurova,IPM,Kasachstan,,
Shalva,Chiladze,de4F5+v790,ZI,1,,100,211,311,411,506,s7026106@stud.ihi-zittau.de,student,shalva.chiladze,PM,Georgien,,
Stella,Silbermann,d-KF5+aa90,ZI,1,,100,215,315,415,508,s0660409@stud.ihi-zittau.de,student,stella.silbermann,PM,Deutschland,,
Susann,Effenberg,d-KF5+hj90,ZI,1,,100,203,303,403,502,s8508874@stud.ihi-zittau.de,student,susann.effenberg,IPM,Deutschland,,
Svetlana,Kim,ssKF5-r590,ZI,1,,100,215,315,415,508,s2164154@stud.ihi-zittau.de,student,svetlana.kim,PM,Kasachstan,,
Tetiana,Pylypchuk,ysKF5-3w90,ZI,,,100,213,313,413,507,s0111502@stud.ihi-zittau.de,student,tetiana.pylypchuk,PM,Ukraine,,
Theresa,Klietz,dsKF5+Hk90,ZI,1,,100,208,308,408,504,s9473801@stud.ihi-zittau.de,student,theresa.klietz,IPM,Deutschland,,
Tilo,Spantig,wsKFlkkdvb,ZI,1,,100,216,316,416,508,s2892905@stud.ihi-zittau.de,student,tilo.spantig,PM,Deutschland,,
Tim,Kusterer,d-KF5+Hk90,ZI,1,,100,209,309,409,505,s6606414@stud.ihi-zittau.de,student,tim.kusterer,IPM,Deutschland,,
Timmi,Hopf,dsKF5+LO70,ZI,1,,100,207,307,407,504,s7638890@stud.ihi-zittau.de,student,timmi.hopf,IPM,Deutschland,,
Tristan,Pfarr,wsKF5+ki60,ZI,,,100,201,301,401,501,s9188984@stud.ihi-zittau.de,student,tristan.pfarr,IPM,Deutschland,,
Veronika,Beletskaya,dsKF5+ju50,ZI,1,,100,208,308,408,504,s9760003@stud.ihi-zittau.de,student,veronika.beletskaya,PM,Kasachstan,,
Yvonne,Minnich,dsKg5+sd90,ZI,1,,100,211,311,411,506,s6404856@stud.ihi-zittau.de,student,yvonne.minnich,IPM,Deutschland,,
